FirstName,LastName,SamAccountName,Title,Manager
SharePoint,Install Account,sp_install,Service Account,
SharePoint,Farm Account,sp_farm,Service Account,
SharePoint,Web App Account,sp_webapps,Service Account,
SharePoint,Service App Account,sp_serviceapps,Service Account,
SharePoint,Profile Account,sp_profile,Service Account,
SharePoint,Search Content Crawl,sp_content,Service Account,
SQL,Install Account,sqlinstall,Service Account,
SQL,Service Account,sqluser,Service Account,
Jeff,Deverter,jeff,Head Honcho,walt
Nicola,Young,nicola,Sales lead,walt
Shane,Young,shane,Who knows,walt
Todd,Klindt,todd,SharePoint Consultant,jeff
John,Ross,john,SharePoint Consultant,jeff
Randy,Drisgill,randy,Branding guy,jeff
Laura,Rogers,laura,DVWP lady,jeff
Jennifer,Mason,jennifer.mason,SharePoint Consultant,jeff
Chris,Caravjal,chris,SharePoint Consultant,jeff
Ryan,Keller,ryan,SharePoint Consultant,nicola
Tyson,Young,tyson,,shane
Pugsly,Young,pugsly,Janitor,tyson
Grant,Young,grant,,nicola
Jill,Klindt,jill,,todd
Lily,Klindt,lily,,todd
Penny,Klindt,penny,,todd
Ben,Ross,ben,,john
Julia,Ross,julia,,john
Vanessa,Ross,vanessa,,john
Jackie,Drisgill,jackie,,randy
Chris,Rogers,chrisr,,laura
Kristin,Rogers,kristin,,laura
Charlotte,Rogers,charlotte,,laura
Frito,Drisgill,frito,Cat,jackie
Brittany,Keller,brittany,,ryan
Colby,Keller,colby,Dog,ryan
Daphne,Keller,daphne,Dog,ryan
Raymond,Mitchell,raymond,SharePoint Consultant,jeff
Phil,Jirsa,phil,SharePoint Consultant,jeff
Tom,Resing,tom,SharePoint MCM,jeff
